batch_size,instances
11542,1
1615,2
5988,1
19397,1
5981,2
19393,1
5984,2
5985,2
6797,1
6792,1
6793,1
82998,1
6798,2
6799,1
25283,1
270,112
271,73
272,63
273,67
274,65
275,89
276,46
277,56
278,70
279,61
19979,1
12018,2
12014,2
26392,1
17253,1
17256,1
10708,1
9529,1
9256,1
9257,1
9254,1
10700,1
9253,1
9250,1
9251,1
5982,1
10619,1
5986,1
2142,2
3519,2
3512,1
3511,2
3510,2
3517,1
3516,2
3515,2
3514,2
2688,5
2689,2
2684,1
2685,3
2686,5
2687,3
2680,3
2681,1
2682,4
14625,1
99,1015
98,691
91,465
90,498
93,363
92,327
95,392
94,367
97,524
96,450
13056,2
4526,2
18701,1
17829,1
27570,1
1177,5
1176,9
1175,13
1174,10
1173,14
1172,11
1171,6
1170,8
1179,13
1178,12
27612,1
17595,1
876,22
3431,2
7181,1
7183,1
3432,2
623,30
3433,3
622,29
872,17
621,25
3435,4
12832,1
620,25
870,18
627,24
8547,1
3437,2
626,18
2037,3
7454,1
7452,1
625,40
7450,3
2740,1
624,21
2035,2
7459,1
2742,4
2033,9
2744,4
2747,5
4595,1
10884,1
2749,3
10886,2
10881,1
22677,1
10889,1
2318,7
6537,1
26567,1
13604,1
15005,3
15004,1
4842,1
2038,8
4738,2
4739,2
6530,3
8296,1
393,69
392,48
391,45
390,48
397,57
396,57
395,76
394,38
399,91
398,71
41069,1
2309,4
2308,4
4729,1
2301,5
2300,8
2303,8
2302,9
4721,2
4720,2
2307,5
4722,2
5847,1
5846,1
5842,2
5840,2
11280,1
15008,1
19708,2
11287,1
5848,2
17620,1
3748,1
3749,5
3747,1
3744,2
3745,2
3742,3
3743,4
3741,2
4620,1
4621,2
4623,1
4624,2
4625,1
4626,1
4627,1
4628,2
11999,2
11753,1
5200,1
19566,1
10461,1
25540,1
179,140
178,138
177,143
176,129
175,112
174,162
173,134
172,130
171,103
170,356
21932,1
21288,1
10395,1
10399,1
16934,1
16935,1
16930,1
7211,1
7213,1
7215,1
12227,1
6210,1
12228,1
12229,1
16255,1
14189,1
13543,1
6815,1
6814,1
6816,1
9755,2
9753,1
9752,1
9750,1
10571,1
18935,1
21424,1
52396,1
8843,1
8845,1
8846,2
7662,1
18535,1
1768,6
1769,3
1762,8
1763,4
1760,6
1761,3
1766,3
1767,6
1764,14
1765,5
50083,1
11119,2
1547,10
690,19
691,20
696,31
697,26
694,21
695,30
698,30
699,33
11115,1
1548,7
1549,8
30330,2
13845,1
13307,1
24798,1
101017,1
103705,1
5619,1
5612,1
5613,2
5610,3
5611,1
5616,1
47027,1
11562,3
11563,1
11565,1
10703,1
9525,2
25048,1
31825,1
25045,1
1983,9
6778,1
6779,1
6775,1
6773,2
9964,1
39017,1
9966,3
9967,1
9962,4
2792,2
9968,1
9969,3
19919,1
258,92
259,75
252,89
253,71
250,276
251,69
256,67
257,75
254,78
255,62
4665,1
12032,2
12031,1
12030,1
9503,1
9500,1
21639,1
3688,2
40437,1
3683,1
3682,3
3681,4
3680,3
3687,2
3686,2
3684,1
2518,5
2519,3
2514,4
2515,7
2516,3
2517,3
2511,3
2512,2
2513,4
3531,1
3530,2
3533,1
3532,1
3535,2
3534,1
3536,2
3539,2
5055,1
5057,1
5051,2
5053,3
10769,1
168209,1
14867,1
14863,1
14861,1
13894,1
4161,1
30430,1
33520,1
20271,2
41549,1
10185,1
10189,2
1159,5
1158,7
1155,9
1154,7
1157,14
1156,6
1151,4
1150,14
1153,8
1152,13
15117,1
78641,1
8035,1
8036,2
8030,1
58540,1
8038,2
12851,1
8522,1
12852,1
12855,2
8526,1
12585,2
72022,1
26601,1
24084,1
88725,1
22381,1
4299,1
4298,4
4295,2
4294,1
4297,1
4291,2
4290,3
4293,1
6368,2
4749,1
4748,1
4743,1
4740,2
4746,2
4745,2
19760,1
5869,1
16007,1
5866,3
5861,1
5860,2
5863,2
2238,2
17606,1
10434,1
2182,5
2181,3
2180,3
2187,4
2186,6
2185,4
2184,5
4604,1
2188,8
4603,2
4600,3
4601,2
27234,1
15343,1
27230,1
114719,1
27239,1
151,135
150,372
153,143
152,141
155,136
154,155
157,136
156,149
159,203
158,148
6456,1
31832,1
4200,1
16115,1
6187,1
15717,1
6185,1
6183,1
6182,1
6181,1
6180,2
6189,1
2727,2
2726,4
2725,1
2724,2
2723,1
2722,2
2721,3
2729,3
2728,7
7945,3
7946,4
7947,1
7232,1
7942,1
9196,1
10374,1
7948,1
10373,1
7239,1
80388,1
692,23
6238,1
6235,1
6236,1
6231,3
6230,1
6233,1
693,19
9779,1
9778,1
9774,1
9770,2
10514,2
10515,1
14980,1
8865,1
18956,1
14987,1
14986,3
18958,1
16412,1
21401,1
8869,1
818,22
819,20
810,23
811,20
812,24
813,17
814,17
815,13
816,12
817,21
5267,1
1701,4
1702,4
1703,3
1704,9
1705,7
5261,2
1707,4
1708,8
1709,2
2097,3
2096,5
15852,1
15853,1
35037,1
4575,2
4576,1
18376,1
14454,1
24571,1
17985,1
3029,2
3028,2
3027,3
28402,1
3025,8
3024,3
3023,4
3021,5
3020,3
30352,1
15583,1
15584,1
8739,1
8735,1
8730,2
4199,2
4197,2
4194,1
4195,2
4192,1
4193,1
13861,1
5670,2
5671,1
5672,2
5674,1
5676,1
6436,1
15324,1
15320,1
6758,2
6752,1
6753,2
6754,2
9943,1
9940,1
9946,1
9948,1
9949,1
9390,1
16217,1
16749,1
238,76
239,108
234,116
235,85
236,65
237,86
230,103
231,69
232,98
233,89
63064,1
26067,1
2538,7
2539,1
2532,1
2533,4
2530,2
2531,2
2536,2
2537,3
2534,3
2535,2
38815,1
5072,2
5073,1
5070,2
5077,1
17168,1
5075,1
939,12
938,18
9565,1
933,22
932,17
931,23
930,22
937,15
936,19
935,20
934,20
5382,1
14848,1
5388,1
11837,1
18566,1
11830,1
14843,1
13099,1
142738,1
1536,10
20297,1
797,22
9385,1
795,24
794,21
793,27
792,22
791,25
2410,2
9388,1
2413,1
799,34
798,21
2412,8
4978,4
2414,4
1139,7
1138,3
2141,5
1133,6
1132,7
1131,10
1130,8
1137,9
1136,9
1135,7
1134,14
4974,1
15139,1
15138,1
4280,1
4975,5
23052,1
43724,2
7149,1
31763,1
3311,1
26999,1
7140,1
7141,3
18744,1
18743,1
2149,4
8052,1
8051,1
12874,1
8056,2
8507,1
8054,1
8509,1
8059,1
1535,8
2882,1
2883,4
2880,4
2881,3
2886,1
2887,1
2884,4
2885,2
7492,1
7493,1
2888,2
2889,5
7496,1
44977,1
2,191285
24292,1
26529,1
3276,4
3274,1
1924,6
3273,4
3270,1
1927,8
1288,7
4761,4
4760,2
4763,1
4762,2
4765,1
4764,2
4767,2
4766,1
4768,1
11249,1
11248,1
7189,2
11241,1
16028,1
5809,1
5803,1
5800,1
5807,1
44588,1
1573,9
1572,8
25366,1
687,25
145030,1
1570,6
681,10
11790,1
14977,1
680,27
27213,1
1575,7
1574,10
86843,1
54580,1
16188,1
98412,1
4888,2
4889,1
2709,1
12310,1
4880,1
2704,1
2707,3
2706,1
4884,3
2700,2
2703,2
4887,3
7962,1
7964,2
9177,1
12749,1
10685,1
16979,1
16974,1
6259,3
12269,1
12261,1
6257,1
12747,1
6254,1
6806,1
15638,1
2411,3
8544,1
9711,1
475,49
9717,1
14120,2
3474,2
3475,1
3476,1
831,17
836,18
3471,6
834,19
3473,1
8885,2
838,11
839,17
3478,1
37345,1
26620,1
5248,1
1728,4
1729,11
1726,10
1727,4
1724,3
1725,9
1722,4
1723,5
1720,2
1721,11
9004,2
2415,3
28185,1
7933,1
3005,8
3004,10
3007,8
3006,5
3001,31
3000,103
14305,2
3002,12
3009,2
3008,2
9459,1
1588,1
1589,12
48481,1
1582,14
1583,5
1580,13
1581,5
1586,8
1587,9
1584,9
1585,3
9454,1
3317,5
10677,1
5659,1
5656,1
5654,1
5652,2
5653,1
5650,2
5651,2
13345,1
6419,1
6418,1
12464,1
6414,1
6417,1
6416,2
15300,1
7777,1
7774,1
7773,3
7770,1
7778,1
3917,1
3916,2
3915,4
3914,1
3913,1
3911,2
3910,3
3919,2
6730,1
6733,2
6734,1
6735,1
6738,1
6739,2
9929,1
35255,1
460,47
9920,1
9921,1
9922,1
9925,1
9926,1
9927,1
216,98
217,111
214,108
215,110
212,103
213,104
210,109
211,103
16762,1
218,135
219,243
6089,1
6086,5
6087,1
12075,1
22178,1
6080,1
6081,2
89380,1
3284,6
49501,1
3649,1
3648,3
3646,1
3645,3
3644,1
3643,2
2550,4
2551,7
2552,2
2553,1
2554,2
2555,8
2556,3
2557,3
3283,1
2559,4
11477,1
5010,2
5011,1
5012,1
5013,1
5014,3
5015,2
5016,3
5017,2
5018,3
5019,2
98889,1
17416,1
17415,1
4418,1
4416,1
4415,2
4413,1
4412,3
4410,2
113519,1
919,19
918,14
9549,1
915,18
914,13
917,15
916,18
911,20
910,17
913,15
912,24
20103,1
24701,1
21498,1
3460,2
41059,1
48014,1
15154,1
6043,1
7169,4
31704,2
7160,2
7167,1
7164,1
29937,1
3701,1
630,32
70054,1
631,17
12894,1
8072,1
12890,1
633,22
634,28
635,33
1214,7
1215,10
1111,15
1110,12
1113,10
1112,9
1443,6
1442,7
1117,13
1440,8
1119,11
1118,13
1449,6
1448,8
8889,1
23644,1
4858,1
22343,1
4856,1
6785,1
4855,3
4854,1
4581,2
4580,1
4725,1
4583,2
4724,3
4850,2
4727,1
28615,1
4726,1
13610,1
2304,6
8264,1
4789,1
4786,1
2306,3
4783,1
4782,1
4781,1
4780,1
5822,1
93628,1
96479,1
11261,2
8631,1
1182,12
19744,1
25527,1
199,329
198,193
195,140
194,132
197,167
196,159
191,118
190,170
193,118
192,126
15494,1
16626,1
17626,1
10332,1
39840,1
2769,6
2768,4
10337,1
2763,2
2762,5
2761,4
2760,2
2767,2
2766,2
2765,3
2764,3
16404,1
9488,1
16956,1
7901,1
9480,2
7904,1
6271,1
12241,1
6274,2
13530,1
6279,1
13532,1
19968,1
9733,2
9736,1
9739,1
24125,1
63563,1
854,21
855,22
3450,1
857,22
850,34
3457,1
3454,1
3455,1
3458,3
3459,2
858,20
859,16
16241,1
6,15857
41335,1
11851,1
14141,1
5228,3
5222,1
5226,1
5225,1
5224,2
3063,2
3062,3
3060,5
17940,1
3066,2
3065,4
3064,2
33911,1
14491,1
3068,1
14365,1
20315,1
27479,1
14817,2
7570,1
4816,1
1304,5
1305,10
1306,12
1307,9
1300,8
1301,5
1302,7
1303,9
19133,1
1308,9
1309,6
498,119
499,175
494,77
495,67
496,86
497,96
490,43
491,59
492,57
493,73
6478,1
6472,1
30930,1
12406,1
12407,1
15364,1
4586,1
7758,1
7754,1
7752,1
3939,1
98908,1
3935,3
3934,1
3936,4
3931,1
3930,5
3933,2
3932,3
34723,1
8336,3
8334,1
6716,1
6717,1
6714,1
6715,1
6713,2
6710,1
9906,2
9905,2
9903,1
9900,7
9909,1
24466,1
13289,1
1604,4
57550,1
13288,1
3267,1
4044,2
4045,2
4046,1
4047,4
4040,3
13283,1
4048,1
4049,1
43748,1
25757,1
3665,1
3664,1
3666,1
3661,3
3660,1
3662,1
21830,1
3669,3
3668,1
5582,1
1665,9
2578,2
2579,3
2576,1
2577,6
2574,4
2575,2
2572,3
2570,2
2571,1
11454,1
11455,1
3593,2
3592,1
3591,2
3590,2
3597,2
3596,1
3595,2
5036,2
5034,4
3598,5
5032,1
5033,3
5030,1
5031,1
4435,2
4434,2
4436,2
4431,1
4430,2
4433,2
4432,1
4439,1
13329,1
977,44
976,31
975,47
974,34
973,36
972,27
971,28
970,33
979,35
978,39
19923,1
41298,1
41727,1
1243,4
4158,1
5197,1
8927,1
14802,1
8924,1
8923,1
8922,1
11878,1
8929,2
5414,1
30580,1
15179,1
5415,1
7102,1
7106,1
7107,1
39517,1
3382,1
49927,1
31726,1
1681,9
1680,7
1683,9
1682,5
1685,4
1684,7
1687,4
1686,5
1689,5
1688,5
7281,1
653,24
29980,1
58438,1
1469,8
3528,1
1465,9
1464,5
1467,8
1466,6
1461,8
1460,7
1463,7
1462,9
4239,1
4238,2
4237,4
4236,1
4235,3
13925,1
4233,2
4232,1
4231,2
4230,1
28631,1
5597,1
5596,1
5598,1
319,75
318,74
13692,1
4214,2
313,48
312,61
311,52
310,61
317,67
316,61
315,66
314,60
32956,1
19077,1
6216,1
19079,1
443,54
77990,1
442,49
441,43
25321,1
440,60
25327,1
447,58
4218,2
445,49
444,48
3818,1
6644,2
22090,1
2299,6
2298,3
2293,6
2292,6
2291,3
2290,6
2297,5
2296,4
2295,9
2294,6
51982,1
19693,1
6938,1
19699,1
632,25
16164,2
7290,1
7924,2
7293,1
7294,3
7296,1
7921,3
7298,2
7299,1
10313,2
39863,1
39,899
7929,1
16427,1
6299,1
6297,1
6296,1
6295,1
6294,1
6292,1
6291,2
97629,1
4672,1
123101,1
7709,1
3438,2
17592,1
22959,1
4936,1
878,24
879,20
3430,2
877,18
874,14
875,21
3434,1
873,14
3436,2
871,22
2741,3
2036,2
2743,2
4591,3
4596,3
4849,3
2031,4
2746,5
4844,3
2748,4
4598,2
4599,1
4840,6
2039,4
4843,1
5201,1
11998,3
5204,2
5207,3
5206,1
5209,2
5208,1
11992,2
11994,1
11997,4
13178,1
36071,1
11191,1
11194,1
3048,4
9648,1
17925,1
3041,5
3040,4
3043,2
3045,2
3044,1
3047,1
3046,4
40003,1
1094,12
1095,8
1096,22
1097,14
1090,17
1091,13
1092,9
1093,14
331,59
1098,7
1099,11
75128,1
15696,1
15697,1
29512,1
1322,8
1323,7
1320,5
1321,9
1326,8
1327,6
1324,6
1325,7
1328,10
1329,7
6907,1
6905,1
8681,1
8687,1
6901,1
6900,1
8134,1
8136,1
8689,1
8130,1
35031,1
7734,2
3959,3
3958,3
3953,1
3952,1
3951,2
3950,5
3957,5
3956,4
3955,2
3954,2
5187,1
8351,1
8353,1
22427,1
22137,1
4062,1
4063,3
4061,3
4066,2
4067,2
4065,2
4068,1
4069,1
5784,1
5785,1
5787,1
5780,3
5781,3
5782,1
5788,1
5789,2
3603,1
3600,1
3607,4
3606,2
3605,2
3604,1
3609,2
3608,3
4865,2
19993,1
19992,1
19995,1
19999,1
19998,1
51648,1
17456,1
52040,1
4453,1
4452,4
4451,1
4450,1
4457,3
4455,1
4454,3
13348,1
959,28
958,26
951,24
950,29
953,31
952,24
955,33
954,28
957,30
956,19
21810,1
17660,1
16853,1
6334,1
6336,1
6337,1
6330,1
6331,1
6332,1
6333,2
6339,1
9674,1
29213,1
9671,2
9672,1
10101,1
9679,1
10103,1
21769,1
11859,1
12096,1
8909,1
717,25
8904,1
11855,1
18814,1
67659,1
4968,5
7126,2
26937,1
7122,2
4965,1
49900,1
6069,1
1669,13
1668,4
1667,12
1666,5
68737,1
1664,8
1663,4
1662,3
1661,3
1660,8
591,34
590,35
593,25
592,31
595,33
594,27
597,30
596,25
599,39
598,38
4070,1
2828,2
2829,2
2824,4
2825,2
2826,2
2827,2
2820,4
2821,5
2822,2
2823,3
3386,1
3387,4
3384,3
28031,1
5410,1
5411,2
3380,2
14755,1
5418,2
3388,2
3389,2
1409,7
1408,5
28480,1
1403,6
1402,7
1401,8
1400,10
1407,11
1406,7
1405,10
1404,7
4215,2
1546,11
4217,1
4211,2
5791,2
4213,1
4212,1
4219,1
1544,7
2609,3
1545,8
1542,6
1543,6
1540,7
5579,2
5578,1
5575,1
5574,2
5570,2
1930,5
5128,1
3264,4
11112,1
339,54
338,67
335,46
334,66
337,49
336,57
5003,7
330,49
333,67
332,61
3268,2
11226,1
11225,1
5126,2
11221,1
5127,1
25907,1
5123,1
3195,2
195771,1
39130,1
16194,1
42469,1
6108,1
6107,1
6106,1
6105,2
6100,1
10939,1
10936,1
10933,1
9118,1
9113,1
12284,1
12281,1
16446,1
16444,1
81653,1
1932,5
11927,1
3416,2
3417,1
3414,4
3415,1
3413,2
3411,3
49227,1
3418,3
3419,2
12820,1
9641,2
4868,1
2019,4
10661,1
2015,10
2014,3
2017,4
2016,3
2011,2
2010,5
2013,6
2012,4
18480,1
14102,1
14106,1
17715,1
17713,1
20689,1
10592,1
10593,1
10591,1
10594,1
10595,1
53259,1
10598,1
18664,1
18665,1
20350,1
17903,1
34903,1
87021,1
30685,1
1934,4
34904,1
7011,1
12994,1
12998,1
40280,1
1348,4
1349,4
450,64
451,49
452,40
1343,6
1344,9
1345,10
1346,6
457,35
6929,2
6925,1
6924,1
8110,2
6926,1
6921,1
8114,1
8115,1
2157,3
7713,1
26745,1
7715,1
7717,1
832,19
8377,1
8375,1
8373,1
833,20
6524,1
81461,1
26356,1
4008,3
4009,1
4000,19
13710,1
4002,5
4003,4
13715,1
13714,1
4006,2
13716,1
3971,2
3970,5
3973,2
3972,3
3975,1
3977,3
3978,3
3629,1
3628,3
3621,4
3620,4
3623,1
3622,1
3625,1
3624,2
3627,1
4287,3
11413,1
11417,1
114653,1
16290,1
4289,1
17471,1
4479,1
4478,1
4471,2
4470,1
4473,2
4475,2
4477,2
4476,1
2953,3
2464,7
2465,5
2466,5
2467,2
2460,2
2461,2
2462,2
2463,10
2468,4
2469,4
5347,1
99261,1
5341,1
16873,1
16872,1
1023,10
11043,1
6310,1
6311,1
6316,2
6317,1
6314,2
6315,1
6318,2
5348,2
1028,4
9651,1
9656,1
9655,1
9306,1
9307,1
10435,1
10126,2
9302,2
10436,1
21745,1
18878,1
8968,1
8961,1
8967,1
8964,1
26915,1
1645,5
1644,4
1647,6
1646,2
1641,6
1640,8
1643,7
1642,10
1649,5
1648,7
579,26
578,23
573,23
572,21
571,18
570,26
577,34
576,32
575,22
574,26
2808,1
2809,1
2802,4
2803,2
2800,3
2801,3
18299,1
2807,4
2804,4
2805,2
1421,11
1420,10
5430,2
1422,6
1425,9
1424,4
1427,4
1426,7
1429,16
3365,2
5438,1
5439,2
3360,2
14734,1
4957,1
2018,11
4273,1
13963,1
4271,1
13961,1
4277,1
4276,1
4275,3
4274,3
1201,11
4279,1
608,31
4862,3
5551,3
5550,1
5552,1
47616,1
5559,3
4861,1
4866,2
34592,1
8582,1
8586,1
6440,1
4755,3
5880,3
5887,2
5884,2
5889,2
5888,2
15067,1
6551,3
6558,2
6559,1
22328,1
22321,1
25675,1
9887,1
9886,1
355,45
354,53
353,55
9882,1
7502,2
14553,1
7509,1
359,59
358,36
14551,1
3100,6
6124,1
6127,1
6121,1
6123,1
11075,1
6129,1
10958,1
10951,1
10955,1
16460,1
21175,1
12426,1
3225,2
4632,1
2259,7
2258,4
2257,6
13526,1
2255,5
159141,1
2253,5
2252,6
2251,5
4636,1
4635,3
19910,1
16233,1
31261,1
2784,3
2787,1
16720,1
4804,4
2780,2
2783,2
2782,5
4808,1
4809,1
2789,4
2788,5
11605,1
11607,1
2078,5
2073,4
2072,7
2071,5
10609,1
2077,5
2076,5
2075,5
2074,2
14124,1
11953,1
18461,1
12038,1
70387,1
9793,1
9792,1
9791,2
9797,1
9796,1
9799,1
14388,1
11319,1
14383,2
14381,1
14387,1
20403,2
20400,1
13927,1
3223,2
8410,1
7353,1
3222,1
44074,1
12979,1
29553,1
7085,1
7084,1
6495,2
6494,1
6497,2
15387,1
8175,1
8176,1
6492,2
27430,1
6498,1
26926,1
6948,1
6940,2
6944,1
8399,1
8395,1
8391,1
4399,5
4390,2
4391,4
4392,2
4393,3
4394,3
4395,2
4396,1
4397,1
1366,6
473,42
1364,6
1365,9
1362,4
1363,9
1360,8
3190,1
478,44
479,42
1368,7
3198,12
19961,1
4026,2
4027,1
4024,1
4025,1
4022,3
4023,2
4020,2
4021,1
26372,1
4029,1
11380,1
3999,4
3998,9
3997,4
3996,5
3995,2
3994,5
3993,3
3992,4
3991,6
3990,6
298,106
299,120
296,86
297,84
294,70
295,69
292,78
293,65
290,70
291,62
36203,1
2442,7
2443,3
2440,2
2441,4
2446,1
2447,4
2444,3
2445,4
2448,3
2449,2
7862,3
7861,1
7869,1
7868,1
42633,1
6378,1
10142,1
10144,1
9638,3
9328,1
9630,1
9632,1
9634,1
9636,1
18859,1
8946,1
1436,5
5405,1
20095,1
3392,1
49943,1
5403,1
3394,5
1991,9
1990,6
3205,2
1620,11
3203,3
1994,20
1997,23
1624,7
1999,36
1998,31
1629,3
1628,10
3209,2
3208,1
59853,1
5058,1
5059,2
2860,3
2861,1
2862,2
2863,2
559,25
558,24
2866,2
2867,3
555,16
554,28
557,22
556,33
551,35
550,28
553,37
552,20
14710,1
3538,2
5408,1
1199,11
1198,11
3348,1
5450,4
1190,16
1193,13
1192,12
1195,13
1194,17
1197,7
1196,8
4259,3
4251,2
31127,1
4253,2
13943,1
4255,1
4256,2
5533,1
5532,1
5531,1
5536,2
5535,1
5534,2
18140,1
5539,1
458,43
459,47
5103,2
15043,1
6573,1
6570,1
15047,1
1340,6
7696,1
7692,1
1341,6
1342,4
3834,1
3835,5
3836,2
3837,3
3830,5
12215,1
3832,1
3833,1
454,44
3838,1
455,61
3207,2
456,66
1347,6
6658,1
3206,2
379,34
378,48
371,56
370,54
373,49
372,46
375,46
374,46
377,47
376,52
19364,1
5107,2
19361,1
74827,1
6143,1
6142,1
12711,1
6147,1
6145,1
10973,1
5104,1
10977,1
26490,1
21111,1
2275,4
2274,1
2277,7
2276,2
2271,6
2270,5
2273,6
2272,11
2404,4
2279,4
2278,11
11598,1
17287,1
17530,1
2051,7
2050,4
2053,3
2052,3
2055,6
2054,4
2057,3
2056,4
4826,1
2058,3
4536,3
4825,1
4530,1
4531,2
4820,2
4821,1
9403,1
9402,2
7982,2
7984,1
7985,1
9405,1
7987,1
11628,1
10626,1
34589,1
11972,1
11977,1
11974,1
20644,1
20646,1
36546,1
13191,1
345141,1
2405,4
3782,1
20398,1
20395,1
10089,1
7322,2
8859,1
12954,1
15670,1
3781,1
800,68
7066,1
7062,1
18623,1
30752,1
6964,1
6966,1
34415,1
8625,1
8155,1
40795,1
5898,1
3784,1
60185,1
9988,8
9989,6
9986,1
9987,6
9984,1
9982,1
9983,1
9980,2
9981,1
14505,1
414,58
415,38
416,49
417,50
1388,7
411,50
412,44
413,48
23280,1
1385,7
1386,1
1387,8
418,42
419,66
1382,3
1383,4
43219,1
11366,1
8107,1
5274,2
5275,1
1777,7
5270,3
19282,1
5272,1
5273,1
25130,1
5279,1
25424,1
5465,2
6688,1
6689,1
75857,1
6682,1
6686,1
2428,1
2429,3
2420,5
2421,4
2422,1
2423,8
2424,1
2425,3
2426,4
2427,5
16346,1
7849,1
12100,1
3461,1
97592,1
9616,1
9342,1
12400,1
9612,1
9613,1
9346,2
9348,1
3226,5
10160,1
21255,1
21259,1
1814,4
1815,4
1816,8
1817,8
1810,4
1811,5
1812,6
1813,6
1818,6
1819,5
12085,1
5468,5
26954,1
4952,3
14082,1
14083,1
4953,2
4950,2
1609,6
1608,8
3229,1
3228,3
1979,7
1978,5
1601,6
3224,3
3227,5
1602,8
1973,6
1972,9
1607,8
1970,7
13711,1
4954,1
13270,1
4001,3
2848,2
2846,4
2847,2
2844,2
2845,4
2842,1
2843,2
2840,3
2841,4
3320,2
3321,4
3323,3
3324,2
3325,1
3326,1
5471,1
3328,3
14265,1
14266,2
5479,1
322,64
323,58
9896,3
9897,1
51083,1
327,56
18166,1
324,56
3038,1
5513,1
5512,2
1554,5
1559,5
537,34
536,30
535,29
534,40
533,25
532,28
531,18
530,34
539,22
538,38
23670,1
1976,4
5139,1
1558,4
3030,2
3031,3
3294,1
1907,11
27709,1
5135,2
6518,1
1975,7
1905,4
15021,1
1902,5
15023,1
15024,1
6516,1
59303,1
31105,1
31107,1
3292,4
3293,2
3812,3
3813,3
3810,6
3811,2
3816,3
3817,1
3814,2
23497,1
3819,1
8455,1
8451,1
7549,1
31367,1
7540,1
7544,2
7546,2
7547,1
4004,1
12739,1
12732,1
6165,1
12735,1
6166,1
10992,1
24946,1
2213,6
2212,2
2211,5
2210,5
2217,2
2216,9
2215,4
2214,3
2219,5
2218,4
8523,1
13928,1
41971,1
17515,1
4518,1
4513,1
13466,1
4514,1
13464,1
9428,1
8525,1
9421,2
9423,1
9424,1
17776,1
5281,1
5280,4
5282,1
5285,1
5284,2
5286,1
20668,1
10940,1
20665,1
21390,1
10242,1
9027,5
7302,1
9284,1
9286,2
9281,1
7004,2
11916,2
11919,1
15612,1
12938,1
9477,1
7045,1
7044,2
7046,1
7043,1
7048,1
36264,1
6988,1
8602,1
6985,2
13668,1
6982,1
6980,2
2989,4
2988,4
14690,1
2983,3
2982,5
2981,3
2980,3
14699,1
2986,4
2985,4
2984,1
1018,10
1019,14
1014,16
1015,23
1016,17
1017,12
1010,21
1011,16
1012,22
1013,18
4358,4
4359,2
4357,2
4350,1
4351,2
4352,1
4353,1
11006,1
11005,1
38140,1
438,55
439,50
436,58
437,51
434,41
435,46
432,50
433,44
430,54
431,39
11347,1
11341,1
11348,1
5709,1
19117,1
5704,1
5705,1
5702,3
5703,2
3315,2
35479,1
28865,1
23808,1
23801,1
25153,1
25158,1
80712,1
12690,1
21894,1
21893,1
10831,1
5357,1
1051,10
1052,16
53173,1
1430,8
7829,1
5354,2
19806,1
7822,1
7827,1
7826,1
5352,1
5351,2
56098,1
9366,1
9364,1
53312,1
9360,1
49183,1
8984,1
8987,1
8981,2
8980,2
8989,1
8988,1
1832,8
1833,4
1830,3
1831,10
3799,2
3798,3
1834,6
1835,9
3794,1
1838,8
1839,6
3791,1
3790,1
3793,2
3792,1
2154,4
4980,3
4983,5
4982,4
2150,7
2403,5
4987,3
2153,5
4989,4
4988,2
2158,4
2159,3
2408,1
1955,6
1954,2
1957,9
1956,8
1951,6
1950,7
1953,3
1952,7
1959,5
1958,11
3249,1
3248,4
3243,3
3241,1
3240,4
3247,1
3246,1
3245,2
3244,2
203582,1
1483,11
1482,8
1481,7
1480,5
1487,10
5499,1
1485,7
1484,6
5494,1
14203,1
1489,6
1488,7
3302,1
3303,2
5492,2
5493,2
2068,4
20059,1
2069,4
13498,1
612,27
12140,1
1271,5
1272,4
611,28
1995,17
12144,1
1275,9
13492,1
1276,7
2793,4
615,33
2790,2
2791,3
2796,3
2797,2
519,54
518,37
2066,1
511,32
510,42
513,32
512,47
515,29
514,34
517,31
516,29
1227,10
1226,14
1225,13
1224,7
1223,6
1222,9
1221,4
1220,9
629,21
628,24
23120,1
1229,10
1228,7
15007,1
8290,1
8293,1
8292,1
6532,1
8294,1
15001,3
15000,11
15009,1
6539,1
1996,17
16000,1
31166,1
45043,1
5868,1
3878,1
3879,2
3870,1
3873,1
3875,3
3877,3
8474,1
8477,2
8472,1
7567,2
7564,2
7562,1
7563,2
7568,1
7569,1
103808,1
9658,1
4167,1
4166,2
4165,2
4164,3
4162,4
13890,1
4160,1
9300,1
4169,1
9301,1
8649,1
22742,1
2239,2
2183,4
2231,2
2230,6
2233,4
2232,7
2235,5
2234,8
2237,2
2236,4
5937,1
5936,1
5935,1
5934,1
5933,1
5932,2
5931,1
5930,1
16118,1
5939,1
17575,1
4608,2
3498,4
3499,6
3497,1
3494,3
3495,2
3492,2
3493,1
3490,4
3491,3
2095,4
2094,7
4572,2
4573,2
2091,6
2090,6
2093,1
2092,2
4578,2
2099,7
2098,3
11666,1
4605,1
16227,1
19904,1
19905,1
27923,1
25216,1
25213,1
9789,1
8125,1
46238,1
20930,1
11301,1
7368,1
3,81621
11939,1
11938,1
11936,1
11933,1
12918,1
30179,1
15630,1
7022,1
7020,2
9003,1
10229,1
9000,1
10225,1
7028,1
10221,1
49844,1
7595,1
3330,1
15943,1
30711,1
7799,1
7798,1
20719,1
58771,1
24350,1
1038,12
1039,9
1032,11
1033,11
1030,10
1031,11
1036,12
1037,6
1034,15
1035,10
4373,1
4371,1
4376,2
4374,2
4375,2
14543,1
28264,1
11067,1
111177,1
8662,1
8665,1
17892,1
34458,1
38122,1
4080,1
4081,1
4082,2
13794,1
4086,2
4087,1
13799,1
4089,3
5723,1
5726,2
15430,1
410,47
11493,1
8084,2
27114,1
8081,1
8082,1
8083,1
13605,1
25179,1
19792,1
16564,1
16567,1
12679,1
6649,2
6186,1
12675,1
12677,1
6642,2
10813,1
10810,1
29946,1
7806,1
7809,1
19860,1
32143,1
6399,1
6392,1
2396,5
2397,1
2394,2
2395,3
2392,7
2393,1
2390,2
2391,8
2398,1
2399,8
1858,11
1859,7
3840,3
1850,5
1851,6
1852,3
1853,8
1854,6
1855,7
1856,7
1857,9
2172,4
2173,6
2170,5
2171,4
2176,7
2177,2
2174,5
2175,5
4967,1
2178,4
2179,3
4963,4
4962,1
4961,2
4960,4
14046,1
49471,1
5433,1
1423,8
3260,1
1931,5
3262,3
1937,5
1936,3
1935,5
3266,2
5125,1
1939,8
1938,5
5120,2
5121,2
5437,2
5434,1
9193,1
1428,11
3367,1
18217,1
18210,1
3362,1
44172,1
6886,2
6887,1
15793,1
6880,2
6889,1
8269,1
605,21
604,24
607,29
606,21
601,28
600,102
603,28
602,29
1205,11
1204,11
1207,8
1206,7
609,23
1200,28
1203,10
1202,6
15570,1
8279,2
8101,1
15579,1
8100,1
29673,1
465,36
16545,1
464,41
467,40
12209,1
466,53
461,49
1356,8
8418,1
463,44
8411,1
462,47
8417,1
8414,2
50540,1
7588,1
9809,1
35396,1
7584,1
9806,1
7586,1
7580,1
9802,2
7583,1
95567,1
26470,1
4149,4
4148,3
4145,1
4144,3
4146,2
4141,2
4143,3
3856,1
3857,2
3854,1
3855,2
3852,3
3853,1
3851,1
992,75
3858,1
35538,1
19653,1
5918,3
19306,1
5915,2
5914,1
5917,1
5916,1
5911,1
5910,1
5912,2
106211,1
4558,3
4556,4
4557,3
4554,1
4555,1
4552,3
4550,2
4551,1
11689,1
11684,1
11687,1
11686,1
9773,1
9772,1
20629,1
4549,1
6077,1
6074,2
5402,1
2617,2
2616,5
2615,3
2614,4
2613,3
2612,2
2610,1
2619,1
2618,1
7346,1
7344,1
7342,1
10797,1
7348,3
12338,1
12330,1
30480,1
30487,1
5424,1
9029,1
7001,1
7000,2
7003,1
7002,2
9021,1
9020,1
10244,1
7006,1
5427,1
740,32
741,16
742,17
743,26
744,27
745,29
746,25
747,24
748,16
749,16
2949,4
2948,4
2947,1
2946,28
2945,2
2944,1
2943,3
2942,4
2941,2
2940,2
1050,14
5356,2
5355,1
1053,8
1054,12
1055,11
1056,5
1057,14
1058,12
1059,9
5358,1
4310,1
4312,1
4313,1
4314,4
4315,2
4316,2
4317,2
4318,1
4319,2
6556,1
77306,1
108501,1
89682,1
14563,1
33823,1
18021,1
14569,1
3118,4
3117,5
3116,5
3114,1
3113,1
3111,2
3110,2
30737,1
8642,1
8643,1
2594,3
20639,2
50481,1
5740,1
5742,1
5743,1
5744,1
5748,2
5749,1
3185,1
3180,3
1700,5
96982,1
3183,2
5264,1
47130,1
12536,2
12537,1
15215,1
15212,1
1706,6
5260,1
12539,1
39274,1
5794,1
16097,1
6669,1
6662,1
6664,1
7,10346
10874,1
19847,1
19841,1
12113,1
1605,2
2378,3
2379,2
2374,1
2375,3
2376,3
2377,4
2370,6
2371,5
2372,1
2373,2
1876,8
1877,7
1874,3
1875,7
1872,9
1873,10
1870,5
1871,4
1878,7
1879,4
4945,1
4944,2
4946,1
4940,1
4943,3
4942,6
4949,2
4948,4
2118,3
2119,6
2130,5
2110,8
2111,5
2112,4
2113,6
2114,3
2115,5
2116,4
2117,5
14027,2
1919,5
1918,11
5108,1
5109,2
3289,2
3288,5
1911,6
3286,3
1913,3
5101,3
5106,3
3282,4
1917,3
1916,7
13210,1
13212,1
36393,1
883,26
882,24
881,24
880,25
887,31
33349,1
885,14
884,18
14974,1
14791,1
889,19
888,22
14970,1
14972,2
20012,2
357,41
7505,1
7506,1
9884,1
11139,1
15397,1
7500,1
5792,1
5244,1
40104,1
352,44
351,53
6616,1
350,88
47455,1
6868,1
5247,2
6861,1
6862,1
6863,2
17987,1
10019,2
3026,5
7355,1
7354,1
1269,7
1268,4
8251,1
8250,1
8253,1
668,22
667,23
666,20
665,22
664,21
1267,5
662,21
661,16
660,38
5102,1
8788,2
1910,11
15511,1
8781,1
8787,1
3285,3
8784,1
1912,3
1915,6
29691,1
10016,1
3281,2
3280,2
9825,1
9824,1
9822,2
9829,1
44842,1
23161,1
24670,1
24674,1
4123,3
4121,1
4120,1
4126,2
4125,2
4124,1
5688,1
5681,1
5683,2
13864,3
11516,1
5979,1
5978,3
5973,2
5971,1
16153,1
5976,2
5975,4
5974,1
52439,1
25031,1
886,18
46143,1
46141,1
2587,1
2586,2
2584,1
2583,4
2582,2
2581,2
2580,1
2589,3
2588,2
36099,1
280,88
36094,1
6058,1
6055,1
286,81
6050,1
10004,6
10005,2
10006,1
2639,2
10001,16
10002,7
10003,9
2635,3
2634,2
2637,3
2636,3
2631,2
2630,2
2633,2
2632,3
9599,1
9229,1
9595,1
9594,1
9597,1
9596,1
12359,3
12352,1
12351,1
12356,1
10268,1
9043,2
9040,1
16141,1
3544,2
3545,1
3546,2
3540,2
3541,3
3542,2
3543,1
3548,1
3549,1
20974,1
2965,1
2964,4
2967,2
2966,5
2961,2
2960,5
2963,4
2962,2
762,18
763,25
760,28
761,18
766,17
2968,1
764,19
765,16
13888,1
71583,1
5378,1
1078,8
1079,6
1076,4
1077,11
1074,11
1075,7
1072,8
5370,1
1070,11
5372,1
28452,1
13009,1
1534,5
4337,1
4334,3
4335,4
4332,1
4330,2
4331,2
3135,4
3134,4
3137,2
3136,8
3131,1
3130,3
3133,2
3132,2
33808,1
3139,3
3138,4
18003,1
1622,5
15986,1
7321,1
1532,4
1621,9
5768,2
5766,2
5767,1
93722,1
5765,1
5761,2
1531,4
15185,1
8190,1
2256,9
26160,1
2254,3
1626,1
2978,6
7427,2
2979,2
7423,1
7421,1
2250,8
7429,1
7428,2
1625,5
45219,1
12631,1
6602,1
6603,1
6606,1
6607,1
7501,1
10856,1
10854,1
10853,1
10852,1
2974,6
78,340
1043,15
4570,1
32186,1
5360,3
5361,2
5367,2
4571,1
2358,2
2359,3
2352,161
2353,40
2350,156
2351,29
2356,3
5368,1
2354,64
2355,203
1898,6
1899,4
3738,3
1894,6
1895,7
1896,2
3734,1
1890,5
3732,7
3731,1
1893,5
4923,1
13581,1
4921,3
2135,3
2132,5
2133,2
4697,2
2131,1
4699,2
4698,3
4929,1
4928,1
2138,2
2139,4
5160,1
4800,2
5163,2
5167,2
5168,1
4802,1
14006,1
14007,1
2786,4
138486,1
2781,1
4806,1
4777,1
4807,1
13645,1
9696,1
9697,1
9694,2
9693,1
9691,1
20562,1
669,28
2079,1
1263,6
9466,1
1262,6
1261,13
1799,3
1798,5
1793,4
663,12
1791,10
1790,5
1797,12
1796,4
1795,7
1794,10
1265,10
6842,1
6840,1
1264,4
15756,1
6844,1
6845,2
2070,5
57839,1
9469,1
29452,1
18250,1
15271,1
6590,1
8231,1
6593,1
6594,1
8236,2
6597,1
15538,1
31672,1
7639,2
7633,1
9843,2
9840,1
9845,1
9844,2
9849,1
9848,1
5345,1
1241,6
1240,6
3090,5
1242,11
3096,2
1244,6
1247,12
3095,3
1249,18
1248,12
3098,3
3099,2
1539,10
1538,4
84892,1
22546,1
4100,1
4103,3
4102,1
4104,3
4107,1
4106,3
69857,1
26431,1
9313,1
3898,2
3899,4
3891,2
3896,2
3894,1
3895,2
38919,1
5951,1
5950,1
5953,1
5952,1
5955,2
5954,1
5959,1
5958,1
11535,2
8657,1
9167,1
33045,1
4616,1
1457,6
6038,2
17264,1
6036,1
6035,2
6034,1
2659,3
9206,1
9201,2
10064,1
2653,2
2651,1
2650,1
2657,4
2656,5
2655,1
2654,4
7387,1
7385,1
9061,1
44292,1
1452,8
9069,1
10284,1
49351,1
3562,4
3560,2
3561,2
3566,1
3567,1
3564,2
3565,1
3568,3
3569,1
4484,1
4485,2
4486,3
4487,1
4481,2
4483,4
41461,1
4488,1
4489,3
2903,4
2902,2
2901,1
2900,1
708,13
709,27
2905,1
2904,3
704,28
705,21
706,25
707,25
700,46
701,26
702,27
703,13
11887,1
11884,1
14616,1
5313,1
5312,2
5317,2
5316,1
5314,2
13026,1
20701,1
30111,1
1986,11
1987,8
1632,1
3153,1
3152,1
17876,1
1985,13
17870,1
3156,1
3155,4
3154,3
1634,10
28795,1
3158,1
33867,1
11084,1
1636,6
27505,1
1637,7
1260,5
29846,1
83642,1
23556,1
23557,3
62752,1
2482,2
10646,1
1266,12
29156,1
8576,1
12574,1
31421,1
7406,1
569,35
16505,1
19736,1
16500,1
6627,1
22689,1
12610,1
564,24
19887,1
565,24
12500,1
22069,1
2330,7
2331,2
2332,6
2333,8
4710,5
4711,1
2336,9
2337,12
2338,14
2339,9
4718,1
3715,1
3714,4
3711,1
14253,1
3713,2
3719,1
3718,1
4909,2
2488,5
2489,4
2486,4
2487,4
2484,3
2485,7
4673,1
2483,5
4907,2
2481,2
11703,2
2305,2
5149,1
5146,2
5147,1
5144,1
5142,2
120,521
121,194
122,212
123,182
124,221
125,257
126,220
127,191
128,217
129,226
17014,1
3379,2
1189,9
3377,3
10348,1
1187,6
1184,12
9169,1
5421,2
3371,2
3370,2
20504,1
7247,3
7244,1
7242,1
44666,1
10695,1
83810,1
7249,1
7248,2
5074,1
15731,1
15735,1
15880,1
6828,1
10547,1
12646,1
14930,1
8814,1
8813,1
8810,2
8819,1
8818,1
8170,1
8743,1
8172,3
15080,1
39424,1
4248,1
9562,1
13957,1
9563,1
4245,4
10746,1
3393,3
9865,2
14420,1
14421,1
2542,1
10742,1
1519,7
1518,8
1515,11
1514,4
1517,10
1516,2
1511,3
1510,6
1513,7
1512,4
3395,1
28169,1
5389,1
3397,1
32392,1
16155,1
25073,1
19504,1
3398,3
98309,1
8870,1
263,74
262,79
19944,1
260,89
267,85
266,71
265,71
264,82
269,75
268,76
14997,2
6010,2
6013,1
6012,1
6015,1
6014,1
6017,2
6019,1
17244,1
988,61
989,83
9267,3
982,42
983,41
10042,1
981,57
986,58
987,55
10730,1
985,52
26015,1
9089,1
9081,1
21595,1
49371,1
1389,6
3508,1
5089,1
3500,4
3501,1
5081,2
3503,4
3504,2
3505,3
3506,2
2671,4
2670,1
2673,3
2672,3
2675,1
2674,2
2677,4
2676,4
2679,4
2678,4
1209,13
2929,3
2928,5
2921,2
2920,6
2923,1
2922,7
2925,2
2924,3
2927,1
5331,1
5330,2
5332,2
5334,1
5336,2
1208,6
5338,2
14637,1
30460,1
13048,1
13040,1
70492,1
6547,1
18734,1
18045,1
18738,1
3178,4
15075,1
3171,2
3170,1
3173,3
3172,3
3175,2
3174,2
3177,1
3176,1
30880,1
2911,3
21468,1
20244,1
726,29
727,12
724,14
725,25
722,21
723,16
40757,1
721,16
728,31
729,16
1164,7
1165,9
1166,6
1167,17
1160,13
1161,11
1162,7
1163,11
1168,6
1169,13
37858,1
472,43
1367,4
2034,2
3214,1
1380,8
3194,1
476,42
29170,1
3192,3
474,46
796,24
1361,5
1711,8
1381,4
12807,1
12804,1
8551,1
8554,1
8555,1
8005,1
8000,8
8001,1
8002,1
8003,1
9382,2
2032,9
790,21
7468,3
3199,1
7463,2
1865,7
35762,1
1369,7
7466,1
3729,3
17599,1
5259,1
19710,1
3724,2
22669,1
3725,2
10899,1
2030,3
26577,1
24716,1
4933,1
2919,6
4682,3
4733,1
4731,1
4736,1
4737,4
4734,4
2319,8
2316,4
2317,11
2314,3
2315,9
2312,8
2313,6
2310,6
2311,10
5856,1
5851,1
5852,3
4939,1
5858,2
3773,2
3772,1
3776,1
3775,1
3774,1
3779,1
26378,1
4655,1
4654,1
4657,1
4651,3
4653,1
4652,1
4659,1
4658,1
7888,1
7034,1
19572,1
7880,1
7883,2
7882,1
7885,2
11764,1
7886,1
108,282
109,278
102,266
103,290
100,3097
101,359
106,254
107,279
104,298
105,294
10385,1
5116,2
10382,1
10000,50
2638,1
16924,1
7516,1
7260,1
7262,1
6205,1
6206,2
6202,2
15134,1
32529,1
6808,7
48786,1
6804,1
7510,1
6802,1
6800,1
10561,1
9747,2
9740,1
9743,2
10569,2
9749,2
21439,2
8835,1
8837,1
18920,1
30322,1
9226,1
7676,1
7672,1
26800,1
37177,1
1759,12
1758,10
1757,8
1756,3
1755,7
1754,8
1753,7
1752,5
1751,8
1750,5
29584,1
24523,1
1285,6
1284,14
1287,7
1286,6
1281,10
1280,10
1283,9
1282,9
11164,1
11166,1
1289,7
11161,1
1579,4
1578,6
689,23
688,23
8762,1
685,21
684,18
1571,4
686,20
1577,12
1576,8
683,24
682,27
13833,1
13838,1
13839,1
5627,1
5626,1
5624,1
5623,1
5621,1
8491,1
8490,1
8494,2
38352,1
8499,1
73471,1
5995,1
5994,1
5997,2
5996,1
5992,1
11574,1
5999,2
5998,3
1245,10
22271,1
22274,1
4678,1
25725,1
4677,2
6783,2
27389,1
6786,1
6789,1
33331,1
899,27
1246,12
245,97
244,98
247,93
246,87
241,83
240,156
243,97
242,96
32005,1
16247,1
249,118
248,99
19963,1
12009,1
12006,1
12007,1
12004,3
12005,2
12002,1
12003,1
12000,4
12001,3
9249,1
9248,1
9539,1
9241,1
9535,1
9533,1
9531,1
9530,1
2155,6
21601,1
3698,3
3699,2
3690,2
3691,3
3692,1
3693,1
3694,2
3695,4
3696,2
3697,2
4671,1
3526,4
3527,1
3524,5
3522,1
3523,3
3520,1
3521,1
98859,1
3529,1
40446,1
2699,1
2697,2
2696,1
2695,4
2694,1
2693,3
2692,4
2691,1
2690,6
14876,1
2151,1
13064,1
2152,2
13068,1
2908,1
4534,2
20266,1
17830,1
1142,4
1143,12
1140,11
1141,8
1146,10
1147,8
1144,7
1145,8
23511,1
1148,9
1149,3
768,15
769,27
40718,1
7193,2
7192,1
7190,1
7197,2
7196,2
7194,1
6403,1
29862,1
767,18
8028,1
6401,1
15296,1
8189,1
8020,2
8534,3
8535,1
26630,1
95977,1
10423,1
19262,1
4282,1
4283,4
13991,1
4286,1
13996,2
4284,1
4285,1
13998,1
22026,1
380,64
381,42
382,50
383,63
384,72
385,48
386,55
387,57
388,49
389,55
4758,1
4759,3
4750,2
13663,1
4754,1
13664,3
4757,1
5872,1
5877,1
5878,2
5879,1
11297,2
3759,2
5376,5
3751,7
3750,2
3753,3
3752,2
3755,2
3754,2
3757,3
3756,2
2190,2
2191,3
2192,3
2193,3
2194,4
2195,7
2196,6
2197,3
2198,5
2199,3
1071,12
78419,1
20891,1
20720,1
20897,1
20899,1
52110,1
4811,3
4810,1
168,125
169,174
164,134
165,130
166,142
167,138
160,478
161,157
162,146
163,131
13650,1
2040,5
6194,2
6197,2
6193,1
6198,1
6199,1
2734,4
2735,2
2737,7
2730,4
2731,3
2732,4
2733,3
20091,1
13657,1
2738,3
2739,3
20096,1
9187,1
9183,1
10362,1
16900,1
7202,1
4339,2
6222,1
8228,1
6220,1
6224,1
12218,1
15842,1
9762,1
9760,1
9761,1
9764,1
9419,1
10500,1
10503,1
10502,1
21411,1
24179,1
809,17
808,25
803,11
802,23
801,19
8850,1
807,17
806,22
805,24
804,21
13450,1
1775,4
1774,6
5276,1
1776,4
1771,9
1770,4
1773,7
1772,4
14581,1
1779,5
1778,7
1551,5
1550,3
1553,10
1552,3
1555,4
3039,3
1557,4
1556,7
3034,2
3035,4
3036,2
14466,1
11107,1
3032,3
3033,2
8703,1
8705,1
8708,1
200,994
5605,1
5607,1
5606,1
5600,1
5602,2
19924,1
9320,1
4690,1
19927,1
35268,1
13317,1
12456,2
6421,1
6428,1
27013,1
10310,1
9977,4
9976,1
9975,5
9973,1
9972,1
9971,1
9979,1
9978,3
12026,1
19909,1
12020,1
229,77
228,89
227,81
226,93
225,87
224,91
223,128
222,123
221,96
220,647
21625,1
26059,1
5095,1
2509,4
2508,2
2507,4
2506,3
2505,4
2504,3
2503,2
2502,1
2501,3
2500,29
46857,1
17177,1
5049,3
5048,2
5045,1
5044,2
5043,1
186256,1
9515,2
9513,2
10775,2
57428,1
14852,1
11826,1
18881,1
11438,1
1256,9
13088,1
1525,1
13084,1
1526,4
0,12
1527,9
1252,7
1521,7
1623,4
1250,202
5183,1
1523,14
1993,18
33885,1
1992,13
1627,5
3202,3
10197,1
10192,1
3201,2
60423,1
3200,8
10198,1
1128,4
1129,16
5189,2
1120,11
1121,6
1122,8
1123,9
1124,12
1125,11
1126,9
1127,4
8514,1
8043,1
8048,1
12598,1
12841,1
31488,1
50660,1
2864,3
2865,2
24757,1
2868,1
2869,1
4776,1
35677,1
4774,2
4775,2
4772,1
4773,1
4771,1
11437,1
5819,2
5812,1
5814,2
5817,1
17618,1
17613,1
17616,1
4619,2
4618,3
4613,1
4615,2
4617,2
2708,1
2705,2
27224,1
7424,1
4882,1
146,148
147,181
144,175
145,181
142,144
143,141
140,226
141,165
2701,1
257854,1
148,164
149,221
2702,3
16699,1
3092,3
1191,9
5451,1
3340,1
2712,2
2713,2
2711,2
2716,1
2717,1
2714,3
2715,2
3346,3
2718,1
2719,2
3347,2
7220,2
7954,1
7225,1
3344,2
7228,1
10693,1
3345,1
9160,1
10694,1
7959,1
16968,1
16960,1
6248,5
6249,1
6240,3
6241,1
6245,1
6246,1
10525,1
10528,1
63249,1
9703,1
14992,1
14993,2
14991,1
14996,2
8874,1
14994,1
14998,1
14999,3
37353,1
18960,1
4404,1
829,14
828,25
825,23
824,15
827,25
826,20
821,15
820,7
823,18
822,9
4401,3
1713,5
1712,2
14198,1
1710,8
5256,2
1716,10
1715,3
1714,8
1719,8
1718,8
14197,1
15821,1
31124,1
11126,1
9579,1
14339,2
3018,2
3019,2
3012,3
3013,3
3010,5
3011,3
3016,5
3017,8
3014,6
3015,3
8721,1
10757,1
4189,1
4181,1
4183,3
4182,1
4185,3
4184,3
4186,3
5662,1
5661,2
5660,1
12139,1
3197,1
356,40
3196,2
10200,1
11,4350
10,11454
13,3227
12,3958
15,3320
14,3048
17,2353
16,2759
19,2625
18,2479
8180,1
8182,1
7764,1
3904,1
3905,1
3906,1
3907,1
3901,1
3902,3
3903,4
3908,1
3909,3
6744,1
6740,1
6748,1
9959,2
9954,1
9957,1
9951,3
9950,2
9953,2
9952,1
201,120
19921,1
203,84
202,101
205,97
204,96
207,109
206,95
209,106
208,88
2745,2
830,37
3477,2
12046,1
3191,1
837,22
835,10
21642,1
21641,1
13535,1
85397,1
3479,1
3658,1
3659,3
3654,2
3655,2
3657,2
3650,2
3651,1
3652,2
3653,1
2524,4
2527,3
2526,4
2521,3
2520,3
2523,4
2522,2
2529,6
2528,2
11461,1
11460,1
43170,1
5065,1
5067,1
5066,1
5061,1
5060,1
5063,1
5069,1
5068,4
17154,1
4408,2
4409,3
13315,1
4405,2
4406,3
4407,1
4400,1
7453,1
4403,1
928,23
929,19
920,25
921,24
922,22
923,15
924,19
925,28
926,14
927,22
5390,1
5396,2
14836,1
20114,1
12826,1
44742,1
15042,1
41535,1
784,27
785,18
786,21
787,24
780,14
781,11
782,21
783,18
788,15
789,23
2357,1
18571,1
15124,1
15127,1
15120,3
1371,6
1370,11
7157,3
7156,1
7155,1
405,44
404,42
403,34
15924,1
1374,4
12863,1
1377,6
8068,1
8069,1
1376,6
9395,2
7489,1
2899,4
9391,1
2895,1
2894,1
2897,3
2896,2
2891,1
2890,1
2892,1
1454,9
1455,5
1456,6
1105,6
1102,7
1103,9
1100,22
1453,12
1458,7
1459,7
1108,10
1109,6
5246,1
3737,1
8601,1
3736,1
3735,1
3831,1
1897,7
1891,8
1892,3
3730,3
2136,2
13590,1
2137,6
2134,4
4920,1
4798,2
4799,1
4927,2
4796,1
4797,1
4790,3
4791,2
4793,2
5836,2
5834,1
4925,3
13721,2
4924,1
32927,1
79985,1
23912,1
2668,5
4,45549
43583,1
25512,1
21985,1
17361,1
12781,1
12787,1
2778,9
2779,4
4899,1
4898,2
3003,14
2770,7
2771,1
2772,2
4890,2
2774,2
2775,1
2776,2
2777,2
16417,1
16943,1
7978,1
4901,3
9142,1
9143,2
7976,2
9494,1
7970,1
7972,2
12257,1
6265,1
6261,3
6268,1
20854,1
14000,1
4900,1
9727,1
9723,1
24131,1
7528,1
24138,1
3467,2
846,15
845,19
844,19
843,10
842,25
841,22
840,20
849,18
3468,1
2406,4
17964,1
44553,1
44552,1
4905,1
1739,9
1738,5
1731,7
1730,2
1733,2
1732,7
1735,3
5235,1
1737,11
1736,7
13124,1
13125,1
1595,4
3071,3
1597,5
1596,4
3074,4
3075,2
3076,3
1592,5
3078,2
3079,1
1599,12
1598,10
48493,1
3150,7
17957,1
91152,1
31523,1
5649,1
5648,1
5643,1
5642,1
5645,4
5644,2
5647,1
5646,1
12867,1
8065,1
23210,1
27054,1
489,71
488,54
487,44
486,47
485,42
484,49
483,43
482,47
481,46
480,66
6468,2
6469,1
6461,1
15372,1
6465,2
12416,1
50831,1
7746,1
7744,2
7748,1
7749,1
3922,4
3923,1
3920,3
3921,4
3927,2
3924,1
19499,1
3928,1
3929,2
8305,2
6720,1
6727,1
6726,1
8300,1
10247,1
453,35
9938,1
9933,2
9932,1
9930,1
9937,2
9936,1
9935,1
16770,1
6099,1
12062,1
6095,1
12067,2
3678,4
3679,2
3673,1
3670,1
3671,1
3676,1
3674,2
3675,2
2543,4
1106,6
2541,3
2540,3
2547,3
2546,4
2545,4
1107,11
2549,2
1104,10
11442,1
11440,2
1450,5
11449,1
1451,1
3580,3
5002,10
3582,1
3583,3
3584,2
5006,4
3586,3
5004,3
3588,2
5009,5
1101,15
17429,1
3290,1
17132,1
17426,1
17136,1
902,11
903,15
900,44
901,23
906,16
907,17
904,12
905,21
4422,1
4423,2
908,7
909,19
4426,3
4427,1
4424,3
4425,2
9559,1
9558,1
6529,1
39991,1
39997,1
13490,1
41516,1
8934,2
8935,1
11863,1
8742,2
8933,1
14819,1
15145,1
7176,1
2916,3
718,26
1696,4
1697,11
1694,7
1695,5
1692,7
1693,8
1690,6
1691,5
1698,7
1699,6
26783,1
12468,1
14767,1
14766,1
66264,1
14768,1
1472,9
1473,5
1470,11
1471,8
1476,7
1477,7
1474,4
1475,11
1478,9
1479,11
23026,1
4229,2
4225,1
4226,2
4227,2
4221,1
4222,6
4223,1
5586,2
25,1987
26,1523
5585,1
20,5597
21,1957
22,1783
23,1569
28,1481
29,1725
5588,1
5589,1
79540,1
11277,2
19061,1
19062,1
19068,1
1061,12
5301,1
5304,1
1064,8
19477,2
2288,4
2289,12
2280,5
2281,4
2282,8
2283,4
2284,4
2285,12
2286,4
2287,4
51995,1
4538,3
4539,1
4828,1
2059,4
8317,1
10901,1
10902,1
4824,2
9126,1
10306,1
10304,1
6592,2
4823,2
16433,1
7919,1
4532,1
7913,1
4533,1
7917,1
10628,1
6287,1
6280,1
6281,1
6282,1
182,125
183,128
180,169
181,118
186,121
187,142
184,152
185,120
188,129
189,119
9406,1
49259,1
5833,1
869,17
868,11
3449,4
861,21
860,22
863,16
3446,2
865,17
864,10
867,10
866,15
2756,2
2025,9
2026,5
2027,8
2752,5
2753,5
2750,4
2023,6
2028,3
2029,4
2758,1
2759,2
5216,1
5217,1
5214,1
5215,3
5218,2
58612,1
10155,1
28735,1
18653,1
14488,1
18309,1
14378,1
3058,2
3059,5
3056,3
3057,4
3054,2
3055,6
3052,3
3050,2
3051,2
4597,1
27466,1
7499,1
4594,3
4803,2
8,8418
1317,7
1316,10
1315,13
1314,10
1313,4
1312,12
1311,8
1310,7
1319,6
28901,1
6446,1
6445,1
15421,1
6443,2
6912,2
6913,1
48825,1
16760,1
6918,1
6448,1
6449,2
18840,1
31054,1
31507,1
7722,1
7725,1
3948,2
3949,2
286028,1
3941,3
19474,1
3943,3
3944,1
3945,3
3946,3
6708,1
8325,1
8324,1
8326,1
6705,1
8320,1
8323,1
6706,1
9911,1
9912,2
10014,1
19214,1
22414,1
4057,1
4055,1
4054,1
4053,2
4052,1
4051,3
4058,1
3610,4
3611,2
2969,2
3616,2
3617,1
5458,1
23913,1
2569,4
2568,7
2140,3
2563,3
2562,2
2565,4
2567,1
2566,2
11429,1
27209,1
5029,3
5028,1
5020,1
5023,1
5025,1
5024,1
4441,1
4442,1
4443,2
4445,1
4446,1
4447,1
4448,1
4449,3
964,34
965,31
966,22
967,27
960,23
961,27
962,28
963,24
36256,1
968,30
969,37
14092,1
1537,2
3093,4
643,23
3091,3
1533,5
3097,1
3094,1
27894,1
1530,6
10466,2
10467,1
57953,1
648,19
1968,7
3237,1
3234,2
1619,6
641,23
5195,1
8911,1
8916,1
5194,1
18530,1
8919,1
1966,6
1967,11
30228,1
1960,7
640,27
1961,8
7113,1
7112,1
1962,7
7115,1
7119,1
1611,6
18793,1
1678,5
1679,4
1674,5
1675,5
1676,7
1677,4
1670,4
1671,5
1672,4
1673,7
642,24
645,8
14745,1
24262,1
1418,7
1419,2
1410,8
1411,7
1412,9
1413,7
1414,5
1415,6
1416,13
1417,8
644,21
4209,2
4108,1
4202,1
4203,1
13911,1
4201,1
4206,1
13914,1
647,20
5568,1
5565,3
5566,2
5561,1
646,29
308,56
309,55
300,328
301,59
302,57
303,58
304,63
305,70
306,50
307,73
11211,1
649,27
51428,1
4893,4
4892,1
2773,5
4897,1
4895,2
32344,1
16636,1
470,39
6118,1
6114,1
6116,1
6117,1
6110,1
6111,1
10924,1
7979,1
10928,2
17325,1
471,49
7931,1
7282,1
10679,1
7935,2
7934,1
7284,1
7939,1
9107,1
9457,2
9102,1
9451,1
9100,1
9101,1
16982,2
16454,1
16985,1
9493,1
33992,1
477,28
7396,3
22947,1
49720,1
38473,1
3429,3
3423,3
3422,1
3421,2
3420,1
3427,1
3426,3
3425,1
3424,4
2002,13
2003,11
2000,136
2001,15
4589,3
2007,8
2004,4
2005,7
4584,2
2008,7
2009,3
4853,1
4852,2
4851,2
4582,4
6614,1
11981,1
11986,1
11987,1
11985,1
8159,2
6969,1
10585,1
10587,1
10586,1
14353,1
18677,1
17919,1
27403,1
30691,1
9543,1
11532,1
9541,3
1087,4
1086,8
1085,8
1084,6
1083,7
1082,13
1081,8
1080,12
1089,3
1088,7
12986,1
12983,1
12981,1
1904,6
32732,1
7517,1
449,45
448,59
1339,8
1338,5
1335,12
1334,12
1337,8
1336,10
1331,7
446,44
1333,11
1332,9
15402,1
8698,1
6934,1
8695,1
8697,1
7704,2
38,753
33,916
32,1157
31,1056
30,3236
37,762
36,790
35,947
34,1595
1903,5
8341,1
8345,1
1901,6
28921,1
28929,1
847,15
3464,1
3463,2
3462,1
4078,3
4075,1
4077,3
4076,1
4071,2
13761,1
4073,2
4072,4
5797,2
3967,1
5795,2
3965,2
3962,1
3963,3
3960,2
3961,1
3968,2
3969,3
3638,2
3639,2
3637,3
3634,3
3635,3
3631,2
3469,3
848,16
8769,2
11405,1
33771,1
19986,2
19985,1
25470,1
4468,1
4469,1
4467,3
4464,2
4465,1
4462,1
4463,2
4461,2
948,20
949,19
946,22
947,24
944,10
945,16
942,13
943,28
940,15
941,14
16846,1
6327,3
6326,1
6325,1
6320,2
6328,1
11025,1
59867,1
6457,1
9665,2
10444,1
10445,1
8970,2
8971,1
8973,1
8977,1
9542,2
7131,1
7133,1
7132,2
7134,4
7137,1
7136,1
37632,1
1658,7
1659,6
1652,2
1653,2
1650,7
1651,6
1656,7
1657,4
1654,3
1655,12
586,33
587,17
584,29
585,29
582,20
583,18
580,29
581,25
588,40
589,23
1384,4
24202,1
2839,3
2838,2
2837,3
2836,4
2835,5
2834,1
2833,4
2832,3
2831,3
2830,1
3391,3
1437,8
1434,9
1435,8
1432,6
1433,4
5401,1
1431,6
3399,3
28554,1
1438,4
1439,3
5230,2
34232,1
23287,1
5232,1
4260,1
4263,1
4265,1
4267,2
8074,1
4269,1
1734,8
1887,1
5236,1
1886,10
3700,5
5548,1
5549,2
5542,1
3706,2
5541,2
3707,1
1881,3
8598,1
8599,1
1880,5
8592,2
8593,1
8590,1
5890,1
5891,1
5892,1
5894,1
5897,1
11230,2
5899,2
11234,1
11237,1
4918,1
4919,3
2129,1
25914,1
25912,1
25911,1
4914,1
4915,1
4863,1
4912,1
4913,5
9894,2
9895,2
320,85
321,40
326,47
9891,1
9892,1
325,54
328,48
329,59
16614,1
3070,1
6138,1
12768,1
6131,1
3072,2
6134,1
6135,1
3073,2
1591,2
1590,7
16477,1
1593,2
5172,3
3077,4
10060,1
2658,2
65417,1
24995,1
24994,1
24996,1
3252,2
2248,8
2249,5
2244,5
2245,3
2246,4
2247,1
2240,5
2242,4
2243,5
10069,1
24198,1
31370,1
9208,1
3265,2
3400,4
3403,3
3402,1
3405,2
3404,1
3407,6
7534,1
3409,3
3408,4
7537,1
4875,1
4877,1
4876,1
4871,1
4873,2
4872,2
4879,3
4878,2
10611,1
10610,2
2798,3
2799,2
7533,1
2060,7
2061,2
2062,4
2063,3
2064,5
2065,1
2794,3
2795,1
14117,1
33496,1
14118,1
18470,1
5455,2
13147,1
3256,4
9782,1
9783,1
9784,1
102600,1
54716,1
27426,1
12968,1
12965,1
15641,1
15642,1
7095,1
7093,1
4883,3
1359,6
1358,9
469,38
468,57
1353,6
1352,8
1351,11
1350,13
1357,11
8108,2
1355,7
1354,7
6959,1
6482,1
6481,1
6954,2
6956,1
6485,1
39334,1
6534,3
8361,1
8362,1
8367,1
8366,1
3439,2
3184,3
10286,2
3186,2
3187,3
28946,1
3181,3
3182,2
7615,1
24430,1
3188,3
3189,1
22450,1
11395,2
4018,3
4661,1
4013,1
4012,1
4011,1
4010,1
4017,2
4015,3
4014,4
3988,3
3989,1
3984,6
3985,3
3986,4
3987,5
3980,5
3981,5
3982,5
3983,1
6531,1
1447,9
23850,1
1446,3
1445,9
289,70
288,62
1444,12
281,66
1115,15
283,78
282,61
285,69
284,63
287,68
1114,6
1441,8
1116,8
2477,1
2476,3
2475,9
2474,4
2473,1
2472,4
2471,3
2470,3
2478,4
7874,1
7870,2
7873,1
7878,1
15873,1
6305,2
12155,1
6306,1
6301,1
12151,2
6303,1
10137,1
10131,1
10132,1
10138,1
10139,1
53638,1
9649,1
7695,1
9319,1
9645,1
9316,1
9315,1
10426,1
9643,1
10425,1
2907,5
1630,9
1631,5
1984,10
3217,3
1982,9
3211,2
1980,9
1981,10
1638,6
1639,9
3218,2
68709,1
1988,16
1989,21
2909,2
568,19
2814,3
2817,1
2816,3
2810,1
2813,2
2812,2
560,29
561,33
562,35
563,27
2819,1
2818,3
566,22
567,33
18286,1
33684,1
5255,2
14250,1
18280,1
14259,1
33688,1
4964,1
1188,11
3378,2
1186,12
3376,2
3375,1
1185,9
3373,3
1183,17
1180,8
1181,5
34211,1
13959,1
4246,1
7693,1
4244,1
13954,1
4242,1
4243,2
4240,4
5520,1
5522,1
5523,4
5524,1
5525,2
5526,2
5528,1
6467,1
48,836
49,968
46,616
47,675
44,654
45,730
42,684
43,589
40,1509
41,615
31358,1
31351,1
47359,1
15076,2
61773,1
6544,1
6543,1
15070,1
6549,2
5853,1
23991,1
23992,1
27286,1
27289,1
33317,1
344,45
345,47
346,52
347,42
340,59
341,43
342,45
343,57
348,55
349,49
7518,1
19377,1
7286,1
6150,1
6152,1
88154,1
6154,2
6158,1
10967,1
10966,1
12434,1
10964,1
10963,1
4527,2
4830,3
4833,2
15520,1
4832,2
4835,2
16497,1
16493,1
4834,3
4837,1
4784,1
8754,1
2268,6
2269,8
2262,8
2263,2
2260,5
2261,2
2266,5
2267,6
2264,3
2265,5
2189,2
2046,7
2047,7
2044,2
2045,6
4817,2
2043,6
4815,1
2041,5
9432,1
4819,1
3151,1
2048,3
2049,5
9413,2
11612,1
11613,1
9417,1
3157,2
23699,1
18458,1
11944,1
18457,1
3159,2
10167,1
11085,1
33215,1
20416,1
57309,1
10099,2
12940,1
12946,1
7074,1
7076,1
7077,1
7072,1
7073,1
8163,1
6977,1
15917,1
15911,3
8165,1
15918,1
8388,1
8384,1
8383,1
6093,2
4389,1
4388,2
4382,4
4381,1
4380,3
4387,2
4386,1
4384,1
407,35
406,61
1373,5
1372,6
1375,8
402,42
401,41
400,246
1379,7
1378,9
409,55
408,53
4031,1
4030,1
4033,2
4032,4
4035,2
4034,2
13726,1
13727,1
4039,1
4038,1
11377,1
32824,1
19415,1
23875,1
5498,1
2459,2
2458,1
2455,2
2454,1
2457,1
2456,4
2451,7
2450,1
2453,2
2452,5
7852,2
7853,1
7851,1
7857,1
656,22
1503,14
16802,1
1500,56
1501,18
652,25
6361,1
12131,1
6367,1
6366,1
6365,1
1507,8
10400,1
9337,1
10151,2
9331,1
650,26
9332,1
651,14
9620,1
9626,1
9625,1
9297,2
75267,1
3086,1
5496,2
37010,1
14895,1
21734,1
4985,1
1977,11
658,19
1600,19
659,19
1603,4
1974,14
26965,1
3221,3
3220,2
14093,1
1971,6
13731,1
1606,8
3232,4
3233,1
3230,2
3231,5
3236,7
1969,12
1618,4
3235,2
1616,8
1617,8
3238,1
3239,5
1612,3
1613,3
1610,7
1963,11
41591,1
2873,2
2872,3
2871,4
2870,1
2877,1
2876,1
2875,3
2874,4
4986,5
2879,3
2878,2
3355,4
3354,2
3357,3
3356,3
3351,3
3350,2
3353,1
3352,1
3359,2
3358,1
5449,1
5448,1
5441,1
5440,1
5446,1
5444,2
21999,1
5506,1
5502,1
5503,1
5501,1
542,24
543,36
540,31
541,31
546,31
547,30
544,22
545,19
548,28
549,31
23604,1
40307,1
5476,1
15059,1
15054,3
15055,1
6566,1
15051,1
15053,1
7683,1
7681,1
7680,1
5136,1
7688,3
3826,3
3825,2
3823,1
3822,1
3821,1
3820,2
3327,4
5001,16
3828,2
8445,2
5000,71
8440,2
3329,3
5007,1
3585,2
5005,1
7539,1
7538,1
368,48
369,57
366,58
367,46
364,50
365,59
362,41
363,39
360,43
361,29
5008,1
9158,1
6179,1
6173,1
6170,1
10989,1
100729,1
10983,1
21124,1
2200,8
2201,3
2202,3
2203,4
2204,2
2205,4
2206,6
2207,4
2208,1
2209,3
11586,1
11584,1
3210,1
21387,1
4428,1
4429,1
17293,1
4839,6
4838,3
4528,1
4831,1
13457,1
4525,2
4524,2
4523,1
4522,2
4521,1
4520,2
7993,1
7991,2
3212,7
7997,1
7996,2
7995,1
11634,1
7999,3
7998,1
11630,1
4420,1
11633,2
5299,1
5294,1
5292,2
5293,1
5290,1
5291,3
3213,5
6997,2
2558,1
8147,1
20472,1
20476,1
7335,1
7332,1
7330,1
11969,2
12923,1
30184,1
30189,2
10213,1
7052,1
7053,1
7051,1
7056,1
7054,1
7055,1
37208,1
18386,1
8148,1
15931,1
6998,1
3219,3
6995,1
8143,1
8634,1
8144,1
6992,1
26739,1
2998,9
2999,20
59,551
58,456
55,477
54,567
57,444
56,481
51,572
50,2593
53,514
52,507
2990,8
2991,8
2992,5
2993,2
2994,3
2995,10
9999,14
9998,9
2996,9
9991,2
9990,3
9993,4
2997,9
9995,8
9994,7
9997,8
9996,9
11036,1
11037,1
11035,1
14512,1
11033,2
11031,1
429,47
428,45
1399,6
1398,4
421,52
420,61
423,54
1394,9
425,71
424,42
427,38
426,62
3452,2
12532,1
3453,1
856,21
3451,2
43205,1
19884,1
851,17
11359,1
852,14
19162,1
853,21
8259,1
22972,1
13625,1
25415,1
4715,1
4716,1
80766,1
4717,1
2334,11
2335,12
4712,2
4713,1
6699,1
6692,1
6691,1
6695,1
2439,1
2438,3
2433,4
2432,3
2431,1
2430,2
2437,8
2436,5
2435,2
2434,2
7838,1
7839,1
16823,1
19831,1
7830,2
7831,1
7832,1
63670,1
19839,1
12110,1
6343,1
9992,4
6345,1
6344,2
6347,1
6346,1
6349,1
6348,1
5473,2
17196,1
17192,1
10178,2
9351,1
9605,2
9356,1
9355,1
15028,1
10170,1
10172,2
10174,1
10177,1
21717,1
1807,3
1806,5
3780,1
8999,3
1803,4
3787,2
1801,4
1800,14
8992,1
8993,2
8990,1
3789,3
8996,1
1809,6
1808,3
4996,6
4997,7
4994,3
4995,10
4992,3
4993,4
4990,2
4991,7
4998,13
4999,19
14074,1
6517,2
14073,1
3710,1
3258,3
3259,1
1948,8
1949,3
1942,4
3251,2
1940,9
3253,2
1946,8
1947,9
1944,7
1945,4
2859,1
2858,5
2851,1
2850,3
2853,2
2852,3
2855,5
2857,1
2856,3
1490,6
1491,11
3331,3
5462,1
1494,10
1495,15
1496,11
1497,12
1498,20
14210,1
3338,1
1395,4
14217,1
422,34
1393,6
47786,1
1391,5
36612,1
1390,12
18170,1
18179,1
54251,1
524,35
525,22
526,36
527,18
520,63
521,40
522,40
523,27
1541,4
528,24
529,32
1234,8
1235,5
1236,8
1237,11
1230,10
1231,9
1232,12
1233,6
1238,10
1239,9
8287,1
1964,8
8289,2
6502,2
6501,1
6500,2
6507,1
15037,1
6505,1
1965,9
4676,1
4674,1
3809,1
23489,1
3805,1
3804,2
3807,2
3806,2
3801,1
3800,6
3803,2
3802,3
8463,1
8466,2
2480,4
9642,1
4827,1
7558,1
7552,1
7555,2
7554,1
19628,1
16103,2
19621,1
19166,1
16105,1
19624,1
88667,1
4174,1
13884,1
13887,1
4177,4
4170,1
4172,3
4173,1
4178,1
4179,1
24624,1
3067,2
997,167
996,152
10729,1
3069,3
990,98
10059,1
2228,4
2229,5
2226,4
2227,4
2224,8
2225,6
2222,6
2223,3
2220,1
2221,4
1,2091741
5925,2
5927,2
5920,1
5921,3
5922,1
5923,1
5929,1
7398,1
4505,1
4507,2
4506,1
13470,1
4500,3
13472,1
4502,1
2088,3
2089,5
2082,3
2083,3
2080,6
2081,5
2087,8
2084,4
2085,6
20671,1
62931,1
46994,1
83946,1
47760,1
7319,1
7315,1
7314,1
7317,1
7316,1
7310,1
7313,1
11900,1
11908,1
40368,1
12904,1
15621,1
12900,1
7032,1
9010,1
9013,2
9018,1
9019,1
24024,1
24021,1
49858,1
18483,1
15489,1
15483,1
30702,1
15954,1
15957,1
15956,1
7788,1
7786,1
7787,2
7781,1
14686,2
14680,1
24362,1
1009,27
1008,28
1007,27
1006,35
1005,47
1004,58
1003,179
1002,248
1001,299
1000,1367
4348,1
4347,1
4345,1
4344,2
4343,2
4342,3
4340,2
14538,1
14539,1
8615,2
8617,1
8616,1
8611,1
16221,1
3307,3
6847,1
5719,1
5718,1
5716,1
5715,1
5713,1
5710,1
110347,1
23347,1
11483,1
11482,1
25161,1
12684,1
12688,1
74112,1
3575,2
7814,2
7813,1
5094,1
39953,1
7818,3
7819,4
19817,1
4497,2
2667,7
2664,4
2665,2
69652,1
2662,1
2663,2
9378,1
2660,2
9373,1
9377,1
1829,2
1828,9
1825,3
1824,8
1827,7
1826,1
1821,2
1820,10
1823,3
1822,5
2147,6
2146,2
2145,4
2144,7
2143,8
4979,3
2417,3
2416,3
2419,2
2418,1
4976,1
4977,4
4970,1
4971,3
4972,6
2148,5
41103,1
1920,3
1921,8
1922,5
1923,6
3272,4
1925,7
1926,7
3271,1
1928,4
1929,3
3278,2
3279,1
36909,1
13223,1
14945,1
24,1774
2935,3
14940,1
5587,1
5584,1
18999,1
3319,2
3318,1
27,1491
5489,1
5488,1
5487,1
3310,2
5485,1
3312,1
5483,1
5481,2
3316,3
20023,1
6471,2
60,901
61,368
62,410
63,398
64,393
65,442
66,390
67,435
68,429
69,491
508,45
509,39
506,50
507,36
504,40
505,33
502,44
503,39
500,546
501,64
1212,11
1213,11
1210,7
1211,8
1216,10
1217,5
636,30
637,27
638,22
639,29
1218,12
1219,7
23132,1
15011,1
15012,2
6522,1
6525,1
15015,2
6526,2
15018,1
48904,1
8263,2
73825,1
3869,1
3868,1
3863,4
3861,1
3867,3
3866,2
3865,1
3864,5
8408,1
8409,1
8400,1
8403,1
8406,1
8407,1
7571,1
8817,1
7572,1
7575,1
7574,1
7577,1
9814,1
9816,1
9817,1
9812,1
6341,1
32546,1
6342,2
4153,3
4150,2
4155,1
69532,1
4159,1
5900,1
19314,1
5907,1
5908,1
74890,1
3489,4
3488,3
17566,1
3481,1
15083,1
3483,1
3482,5
3485,1
3487,2
3486,3
4563,1
4562,4
4561,1
4560,1
4567,1
4564,3
4569,1
4568,1
11672,1
11676,1
11678,1
5288,1
17781,1
25205,1
9604,1
16783,1
16788,1
6064,1
6067,4
6060,1
6061,1
12092,1
9359,2
2604,2
2605,2
2606,4
2607,4
2600,3
2602,1
2603,3
48471,1
2608,2
20921,1
10035,1
10034,2
10036,1
10030,1
10032,1
7378,1
7377,1
5452,1
30497,1
9033,1
7016,1
7012,1
10254,1
29090,1
27945,1
753,19
752,29
751,22
750,53
757,22
756,21
755,20
754,12
759,27
758,18
1805,8
1804,4
2958,3
2959,2
738,25
2954,3
2955,4
2956,5
2957,2
2950,2
2951,4
2952,5
1802,5
1025,11
1024,13
1027,10
1026,11
1021,15
1020,11
5342,1
1022,11
3785,1
1029,11
5349,1
10071,1
10328,1
3788,1
4366,1
4361,1
4360,3
4362,1
4369,1
4368,1
8994,1
8995,2
3108,5
3104,2
3105,2
3106,2
3107,2
14556,1
3102,2
3103,4
8670,1
5,27390
15970,1
8678,1
15979,1
4093,1
4092,1
4091,3
4090,2
4097,1
4096,2
4095,2
4094,2
4099,2
4098,2
69240,1
5735,2
5737,2
5733,1
11318,1
11315,1
5739,1
11312,1
14207,1
25835,1
61679,1
60983,1
1564,1
47120,1
8095,2
15203,1
15202,1
8098,1
16579,1
6659,1
12669,1
6655,1
6650,1
10803,2
6385,3
6384,1
6383,3
19872,2
16313,1
19871,1
6388,1
2381,2
2380,2
2383,4
2382,3
2385,7
2384,2
2387,4
2386,4
2389,4
2388,5
5697,2
1849,5
1848,3
1843,5
1842,9
1841,12
1840,6
1847,3
1846,9
1845,4
1844,10
3250,3
4959,2
2169,1
2168,5
1943,9
2165,3
2164,3
2167,3
2166,1
4956,3
2160,8
2163,2
2162,4
1941,10
3254,2
3255,3
3298,2
3299,4
1908,9
1909,4
1906,4
3295,3
3296,4
3297,3
5133,1
3291,4
1900,6
5130,3
2128,3
36436,1
14967,1
14788,1
14968,1
18203,1
20557,1
20556,1
20002,1
20001,1
20552,1
6890,2
6892,1
6894,2
6897,2
40808,1
1278,7
1279,13
618,18
619,24
2042,3
1270,9
613,22
610,29
1273,9
616,21
617,32
614,20
1277,10
8248,1
15568,1
8242,1
8241,2
34387,1
3333,1
3332,1
1492,12
10908,1
1493,10
3337,2
31606,2
3336,1
8425,2
8422,1
3335,2
8421,1
3334,5
8429,1
15552,3
39182,1
1499,12
7599,3
9832,1
7596,1
9830,1
9831,1
9837,1
7590,2
3599,1
5035,1
17439,1
10652,1
4138,1
4139,1
4131,1
4132,2
4133,3
4134,3
4135,2
4136,1
4137,3
5692,1
5693,2
3843,1
5691,1
3844,1
3847,1
3846,4
3849,2
5699,1
13321,1
145264,1
31868,1
5461,1
4438,1
5969,1
5961,1
5965,1
5966,1
56761,1
17543,1
13438,1
4548,1
4540,1
4542,3
4545,1
4547,1
4546,2
85232,1
11550,1
11695,1
1073,18
20638,3
2595,1
2596,1
2597,1
2590,2
2591,4
2592,5
2593,2
2598,3
2599,5
6042,1
6987,1
6047,2
6044,1
6045,1
6048,1
2622,1
2623,4
2620,2
2621,1
2627,2
2624,3
2628,1
2629,1
7351,1
9583,1
9580,1
10018,1
9586,1
9239,1
7357,1
7356,1
7358,1
9231,1
10015,3
3193,2
12341,1
13754,1
10274,1
10273,1
70421,1
10278,1
9050,1
9054,1
22896,1
775,22
774,22
777,18
776,23
771,17
770,28
773,9
772,12
779,23
778,34
77,341
76,347
75,529
74,355
73,346
72,363
71,361
70,738
2972,1
2973,1
2970,2
2971,4
2976,4
2977,2
79,411
2975,2
5362,1
1042,15
1041,15
1040,16
1047,8
1046,10
1045,8
1044,17
1049,9
1048,10
4303,3
4300,1
4307,2
4306,1
4305,3
4304,2
2987,13
4309,4
4308,2
14570,1
14575,1
11056,1
11058,1
18018,1
38110,1
3128,13
3129,2
17849,1
17848,1
3122,1
3123,1
3120,1
3121,1
3126,3
3127,2
8659,1
8658,1
15999,1
8654,3
34466,2
29915,1
5752,1
5750,2
5756,1
5199,1
15196,1
111383,1
862,22
47647,1
3441,2
23661,1
3442,1
15223,2
2024,2
15220,1
2757,4
1508,5
2754,2
7435,1
2755,2
2020,1
7438,1
2021,7
4707,1
2022,6
4706,2
2751,1
2321,7
6677,1
6670,1
4703,2
16081,1
12649,1
13633,1
4700,5
8285,1
10866,1
10864,1
19851,2
16332,1
19500,2
1614,5
4709,1
1914,7
5196,2
2369,2
2368,7
2367,6
2366,5
2365,3
2364,2
2363,2
2362,5
2361,2
2360,4
21222,1
13284,1
1861,3
1860,7
1863,2
1862,6
3728,2
1864,4
1867,9
1866,3
1869,1
1868,4
3726,1
3727,2
3720,1
3721,2
3722,3
4931,1
4684,1
4685,2
4934,2
4683,1
4680,1
4937,1
5190,1
4688,1
4689,1
2109,4
2108,4
15033,1
2103,7
2102,2
2101,6
2100,7
2107,4
2106,5
2105,5
2104,8
15031,1
5111,1
5110,1
5113,3
14016,1
5119,2
5464,1
1717,3
7391,1
10489,1
9,7417
5219,1
890,23
891,19
892,19
893,19
894,11
895,20
896,18
897,24
898,19
33622,1
14903,1
20577,1
39884,1
83519,1
261,68
32022,1
1788,4
1789,3
1780,7
1781,6
1782,7
1783,2
1784,3
1785,8
1786,10
1787,9
6876,1
6875,1
6871,1
6870,2
11872,1
18224,1
18220,1
8221,1
8222,1
678,17
679,16
8227,1
674,27
675,22
676,28
677,19
670,30
671,21
672,14
673,20
4649,1
15500,1
23481,1
15504,1
7606,1
4642,1
4643,2
9179,1
4640,1
13550,1
4646,1
2494,3
9850,1
9853,1
9854,1
4644,2
9857,2
9859,1
71065,1
1524,9
1257,6
1254,7
1255,7
1520,8
1253,5
1522,7
1251,8
1528,8
1529,4
1258,3
1259,9
3342,3
5353,1
4114,1
4115,1
4112,4
4113,3
4110,1
4111,2
4118,1
4119,1
3343,1
7890,2
98681,1
3341,1
5946,1
5944,2
5945,1
5942,1
5943,2
5941,2
11506,1
14376,1
5949,1
28456,2
980,30
984,59
16108,1
25244,1
119,270
6028,1
98533,1
97376,1
17213,1
6020,2
6021,1
6023,1
6025,2
6026,1
6027,1
2648,3
2649,1
10073,2
10077,1
2640,3
2641,3
2642,3
2643,2
2644,2
2645,1
2646,3
2647,3
101908,1
12365,1
10298,2
9070,1
10297,1
10290,1
9079,1
3557,2
3555,3
3554,2
3553,1
3552,3
3551,1
3559,3
3558,1
2910,3
13885,1
2912,1
2913,2
2914,3
2915,2
719,23
2917,5
2918,2
716,13
715,25
714,22
713,17
712,27
711,17
710,16
9881,1
24303,1
1069,9
1068,8
5300,2
1060,8
1063,8
1062,15
1065,8
5305,1
1067,10
1066,5
4321,1
4323,1
4322,1
4325,2
4324,2
4327,2
4326,3
3140,5
3141,1
3142,2
3144,1
3145,4
3146,3
3147,4
3148,3
3149,2
37827,1
9156,1
5775,2
5774,1
5777,1
27658,1
27652,1
1633,7
15249,1
15248,1
12561,1
7414,1
1468,11
6611,1
6617,1
1635,7
6615,1
12625,1
61099,1
6618,3
10841,1
10843,2
10845,1
28587,1
3502,3
32198,1
19525,1
19527,1
19521,1
19523,1
75047,1
22051,1
12191,1
12196,1
2345,26
2344,20
2347,36
2346,28
2341,6
2340,6
2343,11
2342,6
23768,1
2349,68
2348,40
2067,1
21971,1
3708,4
3709,1
1889,9
1888,3
3702,3
3703,4
1885,6
1318,7
1883,7
1882,6
3704,2
3705,1
2121,3
2120,4
2123,5
2122,5
2125,5
2124,4
2127,1
2126,5
4664,2
4917,3
4666,2
4667,1
4660,4
13570,2
4911,2
6917,1
11716,1
11715,1
6910,1
43646,1
5173,2
97417,1
5171,1
5170,2
5177,2
5176,1
5175,1
5179,1
6441,1
133,185
132,189
131,182
130,213
137,188
136,183
135,195
134,186
20774,2
139,163
138,164
5924,1
4234,1
15896,1
15725,1
13923,1
9688,1
44413,1
9685,1
9684,1
62726,1
7005,1
41393,1
10556,1
7256,1
23005,1
44610,1
7251,1
7252,1
36697,1
7258,1
6856,1
6853,1
15743,1
6858,1
88,326
89,348
82,372
83,369
80,567
81,370
86,311
87,377
84,363
85,302
29333,1
8804,1
14926,1
8800,1
14929,1
6583,2
6580,1
6586,2
6585,2
8206,1
8204,1
8757,1
8202,1
8751,1
7624,3
7629,1
4501,2
34169,1
34693,1
9878,1
9876,1
9877,1
11155,1
8822,1
11150,1
1502,10
657,24
654,24
655,16
1506,7
3088,3
1504,5
1505,8
3085,1
3084,4
3087,1
1509,11
3081,2
3080,6
3083,3
3082,5
3369,3
13699,1
13809,1
13806,1
3885,5
3887,1
3886,2
3881,2
3880,1
3883,4
3882,1
3889,2
1884,2
6701,1
11522,1
13404,1
140762,1
17811,1
16279,1
6004,2
6005,1
6000,13
1297,10
6008,1
6009,1
995,135
994,95
7397,2
9273,1
991,73
7390,1
993,95
7392,1
9278,1
999,388
998,263
10723,1
33120,1
26005,1
9096,1
9091,1
9092,1
5098,1
5099,1
12641,1
3579,2
3578,1
5090,3
3574,1
5092,1
3576,1
3571,2
3570,2
3573,5
3572,1
2666,5
4496,1
4495,1
4494,1
4493,3
4492,4
4491,3
4499,3
2669,1
720,29
2938,3
2939,1
2936,3
2937,4
2934,3
1397,6
2932,2
2933,2
2930,1
2931,2
5324,2
5325,1
5320,2
14606,1
1836,3
1837,8
20182,1
1396,14
1743,2
13033,1
18054,1
23533,1
2161,3
3168,3
3169,3
3166,1
3167,2
3164,1
3165,3
3162,2
3163,3
3160,1
3161,2
4981,4
2407,5
2156,6
731,20
730,21
733,18
732,28
735,21
734,20
737,22
736,25
739,22
2402,3
4984,3
2400,7
2401,4
2006,11
1392,9
1274,8
66747,1
15266,1
8562,1
27182,1
8569,1
7478,1
7470,1
7474,1
7477,1
16519,1
16048,2
16046,1
32204,1
55358,1
16042,1
6638,1
6632,1
6634,1
6637,2
21004,1
3614,2
22077,1
2323,12
2322,10
4705,1
2320,8
2327,11
2326,5
2325,5
2324,8
2329,10
2328,5
13638,1
3761,3
3763,3
3764,1
3765,1
3766,2
3767,3
3769,1
46325,1
1292,6
1792,11
1293,8
17392,1
1290,7
2499,16
2498,4
1291,7
2491,3
2490,1
2493,2
2492,12
2495,9
4647,3
2497,5
2496,8
44597,1
1294,6
7899,3
7894,1
1567,4
7893,1
11777,1
5159,1
5151,2
5150,1
115,269
114,225
117,309
116,236
111,233
110,310
113,196
112,265
20757,1
118,252
1330,8
7273,2
7271,1
7275,2
7279,1
8550,1
6833,1
6832,1
6831,1
6837,4
6835,2
6834,2
15728,1
15277,1
57867,1
10552,1
18268,1
8826,1
8827,1
8824,1
8825,1
12809,1
18912,1
15098,1
8778,1
8779,2
15090,1
8770,1
8774,2
7643,2
62207,1
1748,11
1749,3
1744,7
1745,7
1746,4
1747,6
1740,6
1741,7
1742,10
1486,13
3309,1
3306,1
7925,2
5495,1
3304,4
3305,1
5490,2
11179,1
9134,1
5491,2
1568,5
1569,5
1298,8
1299,8
14204,1
1560,5
1561,8
1562,6
1563,6
1296,11
1565,9
1566,6
1295,8
9138,2
97500,1
13828,2
35090,1
5635,2
8482,1
8486,1
8489,3
